Ref,Val,Package,PosX,PosY,Rot,Side
"C1","1uF","C_0603_1608Metric",114.137440,-67.574160,180.000000,top
"C2","10uF","C_1210_3225Metric_L",114.465100,-69.654420,180.000000,top
"D11","D_Schottky","SOD323(F)",109.133640,-69.857620,0.000000,top
"L1","10uH","VLF4012AT-100MR79",102.933500,-69.936360,180.000000,top
"R1","3K","R_0402_1005Metric",117.594380,-71.140320,180.000000,top
"R2","9.5k","R_0402_1005Metric",107.027980,-68.595240,270.000000,top
"R3","9.5k","R_0402_1005Metric",106.578400,-67.200780,0.000000,top
"R4","3K","R_0402_1005Metric",117.594380,-70.137020,180.000000,top
"U1","LM3509SD_NOPB","LM3509SD&slash_NOPB",109.626400,-67.152520,0.000000,top
