Ref,Val,Package,PosX,PosY,Rot,Side
"U3","MT9P031","iLCC48P70_1000X1000X135L80X40N",110.490000,-38.100000,180.000000,bottom
